sku,name,category
BEF001,Beef Ribeye Steak,Beef
BEF002,Beef Ribeye Steak Bone-In,Beef
BEF003,Beef Ribeye Roast,Beef
BEF004,Beef Rib Steak,Beef
BEF005,Beef Prime Rib Roast Bone-In,Beef
BEF006,Beef New York Strip Steak,Beef
BEF007,Beef New York Strip Steak Bone-In,Beef
BEF008,Beef Strip Loin Roast,Beef
BEF009,Beef Tenderloin Steak Filet Mignon,Beef
BEF010,Beef Tenderloin Roast,Beef
BEF011,Beef T-Bone Steak,Beef
BEF012,Beef Porterhouse Steak,Beef
BEF013,Beef Top Sirloin Steak,Beef
BEF014,Beef Sirloin Tip Steak,Beef
BEF015,Beef Tri-Tip Roast,Beef
BEF016,Beef Tri-Tip Steak,Beef
BEF017,Beef Flank Steak,Beef
BEF018,Beef Skirt Steak Outside,Beef
BEF019,Beef Skirt Steak Inside,Beef
BEF020,Beef Hanger Steak,Beef
BEF021,Beef Flat Iron Steak,Beef
BEF022,Beef Chuck Eye Steak,Beef
BEF023,Beef Denver Steak,Beef
BEF024,Beef Ranch Steak,Beef
BEF025,Beef Short Ribs English Cut,Beef
BEF026,Beef Short Ribs Flanken Cut,Beef
BEF027,Beef Back Ribs,Beef
BEF028,Beef Brisket Whole Packer,Beef
BEF029,Beef Brisket Flat,Beef
BEF030,Beef Brisket Point,Beef
BEF031,Beef Chuck Roast,Beef
BEF032,Beef Chuck Roast Boneless,Beef
BEF033,Beef Chuck Shoulder Roast,Beef
BEF034,Beef Arm Roast,Beef
BEF035,Beef Cross Rib Roast,Beef
BEF036,Beef Blade Roast,Beef
BEF037,Beef Round Roast Top Round,Beef
BEF038,Beef Bottom Round Roast,Beef
BEF039,Beef Eye of Round Roast,Beef
BEF040,Beef Rump Roast,Beef
BEF041,Beef Sirloin Tip Roast,Beef
BEF042,Beef Top Round London Broil,Beef
BEF043,Beef Pot Roast,Beef
BEF044,Beef Picanha Top Sirloin Cap,Beef
BEF045,Beef Shank Cross Cut,Beef
BEF046,Beef Oxtail,Beef
BEF047,Beef Soup Bones,Beef
BEF048,Beef Marrow Bones Canoe Cut,Beef
BEF049,Beef Marrow Bones Round Cut,Beef
BEF050,Beef Stew Meat,Beef
BEF051,Beef Kabob Meat,Beef
BEF052,Beef Stir Fry Strips,Beef
BEF053,Beef Carne Asada Strips,Beef
BEF054,Beef Fajita Meat,Beef
BEF055,Beef Ground Beef 70/30,Beef
BEF056,Beef Ground Beef 73/27,Beef
BEF057,Beef Ground Beef 80/20,Beef
BEF058,Beef Ground Beef 85/15,Beef
BEF059,Beef Ground Beef 90/10,Beef
BEF060,Beef Ground Beef 93/7,Beef
BEF061,Beef Ground Chuck,Beef
BEF062,Beef Ground Round,Beef
BEF063,Beef Ground Sirloin,Beef
BEF064,Beef Burger Patties 1/3 lb,Beef
BEF065,Beef Burger Patties 1/4 lb,Beef
BEF066,Beef Burger Patties 1/2 lb,Beef
BEF067,Beef Ground Beef Bulk,Beef
BEF068,Beef Cube Steak,Beef
BEF069,Beef Minute Steak,Beef
BEF070,Beef Round Steak,Beef
BEF071,Beef Top Round Steak,Beef
BEF072,Beef Bottom Round Steak,Beef
BEF073,Beef Eye of Round Steak,Beef
BEF074,Beef Sirloin Steak,Beef
BEF075,Beef Coulotte Steak,Beef
BEF076,Beef Tomahawk Ribeye Steak,Beef
BEF077,Beef Bone-In Ribeye Steak,Beef
BEF078,Beef Short Loin Steak,Beef
BEF079,Beef Club Steak,Beef
BEF080,Beef Bavette Steak,Beef
BEF081,Beef Chuck Short Ribs Boneless,Beef
BEF082,Beef Chuck Stew Meat,Beef
BEF083,Beef Chuck Flap Meat,Beef
BEF084,Beef Top Blade Steak,Beef
BEF085,Beef Plate Short Ribs,Beef
BEF086,Beef Plate Skirt Steak,Beef
BEF087,Beef Brisket Burnt Ends,Beef
BEF088,Beef Beef Fat Trim,Beef
BEF089,Beef Suet,Beef
BEF090,Beef Liver Sliced,Beef
BEF091,Beef Heart,Beef
BEF092,Beef Kidney,Beef
BEF093,Beef Tongue,Beef
BEF094,Beef Tripe,Beef
BEF095,Beef Cheek Meat,Beef
BEF096,Beef Oxtail Pieces,Beef
BEF097,Beef Sweetbreads,Beef
BEF098,Beef Bone Marrow,Beef
BEF099,Beef Ox Liver Whole,Beef
BEF100,Beef Soup Meat,Beef
BEF101,Beef Ground Beef Patties 4 oz,Beef
BEF102,Beef Ground Beef Patties 6 oz,Beef
BEF103,Beef Brisket Corned,Beef
BEF104,Beef Jerky Slices Raw,Beef
BEF105,Beef Fajita Skirt Strips,Beef
BEF106,Beef Chuck Tender Roast,Beef
BEF107,Beef Mock Tender Steak,Beef
BEF108,Beef Shoulder Clod Roast,Beef
BEF109,Beef Neck Bones,Beef
BEF110,Beef Rib Roast Boneless,Beef
POR001,Pork Loin Chop Boneless,Pork
POR002,Pork Loin Chop Bone-In,Pork
POR003,Pork Rib Chop,Pork
POR004,Pork Center Cut Loin Chop,Pork
POR005,Pork Sirloin Chop,Pork
POR006,Pork Tenderloin,Pork
POR007,Pork Loin Roast Boneless,Pork
POR008,Pork Loin Roast Bone-In,Pork
POR009,Pork Crown Roast,Pork
POR010,Pork Shoulder Roast Boston Butt,Pork
POR011,Pork Picnic Roast,Pork
POR012,Pork Shoulder Steaks,Pork
POR013,Pork Country Style Ribs Boneless,Pork
POR014,Pork Country Style Ribs Bone-In,Pork
POR015,Pork Spare Ribs,Pork
POR016,Pork St Louis Style Ribs,Pork
POR017,Pork Baby Back Ribs,Pork
POR018,Pork Rib Tips,Pork
POR019,Pork Belly Skin-On,Pork
POR020,Pork Belly Skinless,Pork
POR021,Pork Bacon Sliced,Pork
POR022,Pork Bacon Slab,Pork
POR023,Pork Pancetta Slab,Pork
POR024,Pork Jowl,Pork
POR025,Pork Guanciale,Pork
POR026,Pork Ham Whole Fresh,Pork
POR027,Pork Ham Roast,Pork
POR028,Pork Ham Steak,Pork
POR029,Pork Shank,Pork
POR030,Pork Hocks Smoked,Pork
POR031,Pork Hocks Fresh,Pork
POR032,Pork Feet,Pork
POR033,Pork Neck Bones,Pork
POR034,Pork Stew Meat,Pork
POR035,Pork Stir Fry Strips,Pork
POR036,Pork Cube Meat,Pork
POR037,Pork Ground Pork 70/30,Pork
POR038,Pork Ground Pork 80/20,Pork
POR039,Pork Ground Pork 85/15,Pork
POR040,Pork Ground Pork Bulk,Pork
POR041,Pork Breakfast Sausage Bulk,Pork
POR042,Pork Breakfast Sausage Links,Pork
POR043,Pork Italian Sausage Mild Links,Pork
POR044,Pork Italian Sausage Hot Links,Pork
POR045,Pork Italian Sausage Mild Bulk,Pork
POR046,Pork Italian Sausage Hot Bulk,Pork
POR047,Pork Bratwurst Links,Pork
POR048,Pork Chorizo Bulk,Pork
POR049,Pork Andouille Sausage Links,Pork
POR050,Pork Kielbasa,Pork
POR051,Pork Smoked Sausage Rope,Pork
POR052,Pork Sausage Patties,Pork
POR053,Pork Sausage Links Bulk Pack,Pork
POR054,Pork Ground Pork Patties 4 oz,Pork
POR055,Pork Ground Pork Patties 6 oz,Pork
POR056,Pork Pork Loin Cutlets,Pork
POR057,Pork Schnitzel Cutlets,Pork
POR058,Pork Blade Steaks,Pork
POR059,Pork Rib Roast,Pork
POR060,Pork Loin Back Ribs,Pork
POR061,Pork Belly Burnt Ends,Pork
POR062,Pork Cheeks,Pork
POR063,Pork Liver,Pork
POR064,Pork Heart,Pork
POR065,Pork Kidney,Pork
POR066,Pork Tongue,Pork
POR067,Pork Blood,Pork
POR068,Pork Fatback,Pork
POR069,Pork Back Fat,Pork
POR070,Pork Skin Rinds Raw,Pork
POR071,Pork Sausage Casings Natural,Pork
POR072,Pork Ground Pork Seasoned,Pork
POR073,Pork Bacon Ends And Pieces,Pork
POR074,Pork Ham Cubes,Pork
POR075,Pork Ham Hock Smoked,Pork
POR076,Pork Shoulder Cubes,Pork
POR077,Pork Loin Roast Stuffing Cut,Pork
POR078,Pork Riblets,Pork
POR079,Pork Tenderloin Medallions,Pork
POR080,Pork Pork Belly Slices,Pork
POR081,Pork Pork Loin Roast Rolled,Pork
POR082,Pork Boneless Ham Whole,Pork
POR083,Pork Smoked Bacon Thick Cut,Pork
POR084,Pork Fresh Sausage Links Mild,Pork
POR085,Pork Fresh Sausage Links Hot,Pork
POR086,Pork Breakfast Sausage Maple Links,Pork
POR087,Pork Polish Sausage,Pork
POR088,Pork Ground Pork Lean,Pork
POR089,Pork Shoulder Roast Boneless,Pork
POR090,Pork Rib Chop Frenched,Pork
LAM001,Lamb Loin Chops,Lamb
LAM002,Lamb Rib Chops Frenched,Lamb
LAM003,Lamb Riblets,Lamb
LAM004,Lamb Shoulder Chops,Lamb
LAM005,Lamb Shoulder Roast,Lamb
LAM006,Lamb Shoulder Boneless Roast,Lamb
LAM007,Lamb Leg Roast Bone-In,Lamb
LAM008,Lamb Leg Roast Boneless,Lamb
LAM009,Lamb Leg Steaks,Lamb
LAM010,Lamb Sirloin Chops,Lamb
LAM011,Lamb Shanks,Lamb
LAM012,Lamb Rack of Lamb,Lamb
LAM013,Lamb Ground Lamb,Lamb
LAM014,Lamb Ground Lamb Bulk,Lamb
LAM015,Lamb Stew Meat,Lamb
LAM016,Lamb Kabob Meat,Lamb
LAM017,Lamb Neck Slices,Lamb
LAM018,Lamb Breast,Lamb
LAM019,Lamb Ribs,Lamb
LAM020,Lamb Loin Roast,Lamb
LAM021,Lamb Tenderloin,Lamb
LAM022,Lamb Liver,Lamb
LAM023,Lamb Heart,Lamb
LAM024,Lamb Kidney,Lamb
LAM025,Lamb Tongue,Lamb
LAM026,Lamb Bones Soup,Lamb
LAM027,Lamb Fat Trim,Lamb
LAM028,Lamb Hind Shank,Lamb
LAM029,Lamb Fore Shank,Lamb
LAM030,Lamb Shoulder Stew Cubes,Lamb
LAM031,Lamb Burger Patties 1/3 lb,Lamb
LAM032,Lamb Burger Patties 1/4 lb,Lamb
LAM033,Lamb Burger Patties 1/2 lb,Lamb
LAM034,Lamb Leg of Lamb Butterflied,Lamb
LAM035,Lamb Rack Split,Lamb
LAM036,Lamb Shoulder Arm Roast,Lamb
LAM037,Lamb Shoulder Blade Roast,Lamb
LAM038,Lamb Loin Chops Boneless,Lamb
LAM039,Lamb Rib Chops,Lamb
LAM040,Lamb Leg Shank End,Lamb
LAM041,Lamb Leg Sirloin End,Lamb
LAM042,Lamb Ground Lamb Lean,Lamb
LAM043,Lamb Breast Rolled Roast,Lamb
LAM044,Lamb Shoulder Cubes,Lamb
LAM045,Lamb Shank Osso Buco Cut,Lamb
LAM046,Lamb Neck Roast,Lamb
LAM047,Lamb Rib Roast,Lamb
LAM048,Lamb Loin Medallions,Lamb
LAM049,Lamb Trim for Grind,Lamb
LAM050,Lamb Stew Bones,Lamb
